"Artist","Title","Year","Sales","Streams","Downloads","Radio Plays","Rating"
"Urban Echoes","City Lights Serenade: The pulse of neon in the urban night. Stories told through the whispers of the wind between skyscrapers.","2021","16.300","25.450","10.780","14.500","4.5"
"Natures Melody","Forest Whispers and Waterfall Murmurs: Every leaf, a symphony; every ripple, a song. Natures orchestra plays the eternal tunes of the wild.","2019","18.750","17.962","9.300","12.432","4.0"
"Digital Symphony","Binary Beats: A journey through the circuits and bytes of rhythm. Where technology meets melody, creating the soundtrack of the digital age.","2020","20.987","18.764","11.345","10.876","4.6"
"Timeless Classics","Through the Ages: Echoes of time resonating in every note. Rediscover the classics reinterpreted for todays ears.","2018","15.432","12.300","5.897","9.500","4.2"
"Global Anthems","Unity in Rhythm: Songs that traveled beyond borders to bring us together. Celebrating diversity through the universal language of music.","2017","22.500","25.500","12.650","15.560","3.7"
"Jazz Chronicles","Jazz from the Alleys: Stories of night, tales of light. The saxophone narrates, the trumpet debates, and the rhythm captivates.","2019","13.200","18.134","7.320","6.930","4.1"
"Heartland Harmonies","Prairie Songs: Sung under open skies, carried by the breeze. Tales of heartland, sung with soul, echoing the spirit of the plains.","2020","14.200","16.234","6.999","7.887","4.5"
"Rock Revolution","Guitar Legends: Strings that screamed revolutions, drums that dictated new eras. A collection where each chord tells a story of rebellion and freedom.","2018","21.764","20.865","12.321","18.678","4.9"
"Morning Acoustics","Sunrise Melodies: As the day begins, so does the tune. Gentle strums that accompany the first light, bringing warmth to the waking world.","2021","19.900","17.999","9.453","11.345","4.4"
"Dance Illuminations","Dance of Lights: Beats that make the shadows dance. Music that turns the night into an illuminated stage for all.","2022","17.567","19.789","10.234","12.987","4.3"
"Country Reflections","Songs of the Soil: Stories woven from the threads of farm life. Each lyric a reflection of love, labor, and land.","2018","12.870","10.870","4.780","8.900","4.0"
"Island Rhythms","Island Heartbeat: Feel the rhythm of the sands, the melody of the ocean. Music that carries the soul to the shores of tranquility.","2017","15.634","14.978","7.432","11.564","4.5"
"Operatic Echoes","Voices of the Opera: Power and passion collide in soaring melodies. Experience the dramatic tales as told by the masters of vocal art.","2021","18.980","12.675","6.890","15.450","4.8"
"Disco Nights","Disco Days, Disco Nights: When the lights spun as fast as the records. Dive back into the era where the beats dictated the pace of the heartbeat.","2019","16.500","21.234","11.657","14.345","4.5"
"Punk Power","Punk Spirit: Not just music, but a movement. The raw energy and the untamed melodies that shaped a generation ready to stand.","2018","15.790","18.890","8.432","13.900","4.6"
"Heavy Echoes","Metal Titans: Heavy riffs and thunderous drums echo through the halls of rock. Relive the power that forged the metal legacy.","2019","18.432","13.432","10.654","16.023","4.3"
"Symphonic Stories","Epic Orchestras: Tales told in the language of strings and horns. Each composition a chapter, every note a word in the saga of sound.","2020","21.768","20.432","12.876","19.345","4.7"
"Urban Poetry","Rhymes of the Street: The beat of the concrete, the rhythm of the city. Hear the stories of the streets narrated by the voices of the poets.","2022","23.345","24.678","13.567","20.234","4.5"
"Jazz Soothe","Evening Jazz: Let the troubles of the day melt away with each note. A smooth transition from day to night through the calming essence of jazz.","2017","18.567","17.789","9.234","12.987","4.1"
"Soulful Nights","Nights of Soul: Where the heart sings the blues, and the soul feels the beats. Dive deep into the emotional landscapes painted by soulful melodies.","2018","20.432","19.234","10.432","14.567","4.6"
